id,name,created_at
1,Allison Hill,2022-08-02 18:58:39.680638
2,Megan Mcclain,2021-11-26 22:20:36.947173
3,Allen Robinson,2023-12-31 01:02:05.064409
4,Cristian Santos,2024-03-12 08:03:00.194224
5,Kevin Pacheco,2021-07-03 00:45:06.217440
6,Melissa Peterson,2022-04-01 02:23:55.644862
7,Gabrielle Davis,2021-12-14 18:52:53.853051
8,Lindsey Roman,2025-02-12 19:11:14.717526
9,Valerie Gray,2024-03-25 07:11:50.311813
10,Lisa Hensley,2024-05-10 12:34:14.134506
11,Amber Perez,2022-12-01 15:26:45.844846
12,David Garcia,2022-11-10 19:10:06.041570
13,Holly Wood,2022-07-08 18:21:38.300999
14,Timothy Wong,2024-07-07 13:23:59.676238
15,Nicholas Martin,2023-05-15 02:59:43.996547
16,Margaret Hawkins DDS,2025-09-07 09:06:25.662614
17,Crystal Johnson,2023-01-18 05:50:50.789979
18,Daniel Hahn,2025-11-07 14:03:37.137723
19,Matthew Foster,2026-01-16 07:26:32.244393
20,Derek Wright,2024-04-11 08:00:38.042996
